id,match,cote_1,cote_N,cote_2,somme_probabilites,marge_%,trj_%,prob_1_%,prob_N_%,prob_2_%
66299398,,1.82,3.55,3.45,1.1209957627593878,12.1,89.21,49.0,25.1,25.9
66299400,,1.72,4.0,3.35,1.1299028115237766,12.99,88.5,51.5,22.1,26.4
66299402,,1.31,5.3,5.8,1.1244518170124214,12.45,88.93,67.9,16.8,15.3
66299404,,2.05,3.55,2.8,1.1266378760367082,12.66,88.76,43.3,25.0,31.7
66299406,,2.6,3.85,2.05,1.1321605224044249,13.22,88.33,34.0,22.9,43.1
66299408,,1.84,3.95,3.05,1.124511670290607,12.45,88.93,48.3,22.5,29.2
66299410,,2.95,3.5,2.0,1.1246973365617432,12.47,88.91,30.1,25.4,44.5
66299412,,1.72,3.65,3.65,1.1293405543166615,12.93,88.55,51.5,24.3,24.3
66299414,,1.96,3.5,3.0,1.129251700680272,12.93,88.55,45.2,25.3,29.5
66299416,,1.39,4.5,5.3,1.1303259279368958,13.03,88.47,63.6,19.7,16.7
66299418,,1.54,4.3,4.1,1.1258112279099233,12.58,88.82,57.7,20.7,21.7
66299420,,1.84,3.7,3.2,1.1262485311398354,12.62,88.79,48.3,24.0,27.7
66299422,,2.0,3.65,2.85,1.1248497957221821,12.48,88.9,44.5,24.4,31.2
66299424,,2.2,3.45,2.55,1.1365573897543206,13.66,87.98,40.0,25.5,34.5
66299426,,1.58,3.95,3.95,1.1392405063291138,13.92,87.78,55.6,22.2,22.2
66854156,,1.92,3.2,3.25,1.141025641025641,14.1,87.64,45.6,27.4,27.0
66854158,,4.4,3.55,1.62,1.1262468187350816,12.62,88.79,20.2,25.0,54.8
66854160,,1.64,3.75,3.8,1.1395806589644843,13.96,87.75,53.5,23.4,23.1
66854164,,2.7,3.25,2.1,1.1542531542531542,15.43,86.64,32.1,26.7,41.3
66886938,,1.37,4.3,6.25,1.1224851468341537,12.25,89.09,65.0,20.7,14.3
66886940,,2.05,2.9,3.05,1.1605013167146936,16.05,86.17,42.0,29.7,28.3
66886942,,1.8,3.35,3.6,1.1318407960199006,13.18,88.35,49.1,26.4,24.5
66886944,,1.56,3.6,4.6,1.1361947231512448,13.62,88.01,56.4,24.4,19.1
66886946,,1.62,3.45,4.0,1.157139023081052,15.71,86.42,53.3,25.0,21.6
66886948,,2.8,3.15,2.2,1.1291486291486292,12.91,88.56,31.6,28.1,40.3
66886950,,2.0,3.15,3.25,1.1251526251526252,12.52,88.88,44.4,28.2,27.3
66886952,,2.8,2.85,2.2,1.162565504670768,16.26,86.02,30.7,30.2,39.1
66886954,,2.3,3.1,2.6,1.1419786384723272,14.2,87.57,38.1,28.2,33.7
66886956,,3.25,3.1,1.9,1.156588742327282,15.66,86.46,26.6,27.9,45.5
66886958,,1.37,4.0,5.5,1.161745189117452,16.17,86.08,62.8,21.5,15.7
66886960,,2.35,3.05,2.45,1.161564032658756,16.16,86.09,36.6,28.2,35.1
66886962,,1.94,3.05,3.2,1.1558327699847897,15.58,86.52,44.6,28.4,27.0
66886964,,1.7,3.2,3.9,1.1571455505279036,15.71,86.42,50.8,27.0,22.2
66886966,,3.55,3.1,1.8,1.1598263415619163,15.98,86.22,24.3,27.8,47.9
66886968,,1.52,3.5,4.6,1.161000326904217,16.1,86.13,56.7,24.6,18.7
66886970,,1.4,3.85,5.4,1.1592111592111591,15.92,86.27,61.6,22.4,16.0
66886972,,2.05,2.95,3.0,1.1601212622295713,16.01,86.2,42.0,29.2,28.7
66886974,,1.76,3.25,3.55,1.1575642667191963,15.76,86.39,49.1,26.6,24.3
66886976,,2.15,3.0,2.75,1.1620859760394644,16.21,86.05,40.0,28.7,31.3
67015338,,1.26,5.1,6.0,1.1563958916900094,15.64,86.48,68.6,17.0,14.4
67015340,,1.78,3.35,3.35,1.158812678182123,15.88,86.3,48.5,25.8,25.8
67015342,,1.54,3.9,4.0,1.1557609057609057,15.58,86.52,56.2,22.2,21.6
67015344,,2.65,3.5,2.0,1.1630727762803235,16.31,85.98,32.4,24.6,43.0
67015346,,2.35,3.25,2.3,1.168006831281577,16.8,85.62,36.4,26.3,37.2
67015348,,1.48,3.8,4.6,1.1562248747603439,15.62,86.49,58.4,22.8,18.8
67015350,,1.16,5.8,8.0,1.1594827586206897,15.95,86.25,74.3,14.9,10.8
67015352,,2.2,3.6,2.35,1.1578551472168492,15.79,86.37,39.3,24.0,36.8
67091472,,2.3,3.35,2.55,1.1254469341273174,12.54,88.85,38.6,26.5,34.8
67091474,,3.45,3.4,1.82,1.1334232689731412,13.34,88.23,25.6,25.9,48.5
67091476,,2.8,3.35,2.05,1.1434551978782048,14.35,87.45,31.2,26.1,42.7
67091478,,2.1,3.5,2.65,1.1392632524707995,13.93,87.78,41.8,25.1,33.1
67091480,,1.2,5.7,7.75,1.1378041878890777,13.78,87.89,73.2,15.4,11.3
67091482,,1.54,4.1,4.1,1.1371555273994298,13.72,87.94,57.1,21.4,21.4
67126712,,1.38,4.3,5.5,1.139014002512486,13.9,87.8,63.6,20.4,16.0
67126714,,2.3,3.2,2.4,1.1639492753623188,16.39,85.91,37.4,26.8,35.8
67126716,,1.88,3.5,3.15,1.1350894967916245,13.51,88.1,46.9,25.2,28.0
67126718,,2.35,3.45,2.35,1.1409189022510022,14.09,87.65,37.3,25.4,37.3
67126720,,1.88,3.3,3.1,1.1575258418086145,15.75,86.39,46.0,26.2,27.9
67126722,,1.78,3.85,3.3,1.1245683155795516,12.46,88.92,50.0,23.1,26.9
67126724,,2.45,3.3,2.35,1.1367254832300424,13.67,87.97,35.9,26.7,37.4
67681966,,2.15,3.15,2.7,1.1529469669004553,15.29,86.73,40.3,27.5,32.1
67681978,,2.2,3.3,2.6,1.1421911421911422,14.22,87.55,39.8,26.5,33.7
67681980,,1.58,3.7,4.5,1.1254038848975556,12.54,88.86,56.2,24.0,19.7
67681982,,1.64,3.65,3.95,1.1368932572627268,13.69,87.96,53.6,24.1,22.3
67681984,,1.58,3.65,4.0,1.1568839951447893,15.69,86.44,54.7,23.7,21.6
67681986,,1.8,3.35,3.7,1.124333288512393,12.43,88.94,49.4,26.5,24.0
67681988,,2.15,3.25,2.7,1.1431789571324456,14.32,87.48,40.7,26.9,32.4
67681990,,2.15,3.45,2.65,1.1323298420995733,13.23,88.31,41.1,25.6,33.3
67681992,,2.8,3.2,2.1,1.1458333333333335,14.58,87.27,31.2,27.3,41.6
67817810,,3.5,3.2,1.86,1.135848694316436,13.58,88.04,25.2,27.5,47.3
67817812,,2.4,3.0,2.55,1.142156862745098,14.22,87.55,36.5,29.2,34.3
67817814,,1.98,3.4,3.0,1.1325014854426618,13.25,88.3,44.6,26.0,29.4
67817818,,2.35,3.0,2.6,1.1434806328423348,14.35,87.45,37.2,29.2,33.6
67817820,,4.0,3.2,1.68,1.1577380952380953,15.77,86.38,21.6,27.0,51.4
67912766,,2.1,3.2,2.8,1.1458333333333333,14.58,87.27,41.6,27.3,31.2
67912770,,2.2,3.25,2.6,1.1468531468531469,14.69,87.2,39.6,26.8,33.5
68194794,,2.0,3.8,2.65,1.1405163853028797,14.05,87.68,43.8,23.1,33.1
68194796,,1.92,3.65,2.75,1.158442299709423,15.84,86.32,45.0,23.7,31.4
68194798,,4.1,5.0,1.44,1.1383468834688348,13.83,87.85,21.4,17.6,61.0
68194800,,1.37,5.0,4.8,1.1382603406326033,13.83,87.85,64.1,17.6,18.3
68194804,,2.25,3.8,2.2,1.162147793726741,16.21,86.05,38.2,22.6,39.1
68214768,,1.13,7.0,10.0,1.1278128950695323,12.78,88.67,78.5,12.7,8.9
68214770,,4.0,4.0,1.6,1.125,12.5,88.89,22.2,22.2,55.6
68214772,,1.74,3.65,3.4,1.1428028934767105,14.28,87.5,50.3,24.0,25.7
68214774,,1.5,4.2,4.2,1.1428571428571428,14.29,87.5,58.3,20.8,20.8
68214776,,4.8,4.2,1.45,1.1360837438423645,13.61,88.02,18.3,21.0,60.7
68492662,,1.58,3.85,4.3,1.1252097916802066,12.52,88.87,56.2,23.1,20.7
68492664,,2.95,3.45,1.96,1.1390422049438786,13.9,87.79,29.8,25.4,44.8
68492666,,3.35,3.5,1.8,1.1397773039564085,13.98,87.74,26.2,25.1,48.7
68492668,,1.6,3.75,4.1,1.1355691056910568,13.56,88.06,55.0,23.5,21.5
68492670,,2.25,3.3,2.55,1.1396316102198454,13.96,87.75,39.0,26.6,34.4
68686080,,2.8,3.4,2.1,1.1274509803921569,12.75,88.7,31.7,26.1,42.2
68686082,,1.44,4.1,5.0,1.1383468834688346,13.83,87.85,61.0,21.4,17.6
68686084,,1.25,5.2,7.25,1.130238726790451,13.02,88.48,70.8,17.0,12.2
68686086,,2.75,3.5,2.05,1.1371555273994298,13.72,87.94,32.0,25.1,42.9
68687834,,1.49,3.75,5.1,1.1338860376365312,13.39,88.19,59.2,23.5,17.3
68687836,,1.88,3.05,3.65,1.1337563488157638,13.38,88.2,46.9,28.9,24.2
68687838,,3.0,2.9,2.15,1.1432771986099972,14.33,87.47,29.2,30.2,40.7
68687840,,4.3,3.65,1.6,1.1315307422746097,13.15,88.38,20.6,24.2,55.2
68687842,,2.8,3.0,2.15,1.1555924695459578,15.56,86.54,30.9,28.8,40.2
68687844,,2.1,3.1,3.0,1.1321044546850998,13.21,88.33,42.1,28.5,29.4
68687846,,1.26,4.9,7.75,1.126764684368371,12.68,88.75,70.4,18.1,11.5
68687848,,1.62,3.45,4.4,1.1344117503537794,13.44,88.15,54.4,25.6,20.0
68995332,,2.15,3.3,2.7,1.1385169524704408,13.85,87.83,40.9,26.6,32.5
68995334,,1.82,3.85,3.15,1.1266511266511265,12.67,88.76,48.8,23.1,28.2
68995336,,2.3,3.5,2.45,1.1286601597160604,12.87,88.6,38.5,25.3,36.2
68995338,,1.42,4.8,4.7,1.125324642892818,12.53,88.86,62.6,18.5,18.9
68995340,,2.35,3.45,2.35,1.1409189022510022,14.09,87.65,37.3,25.4,37.3
68995342,,2.6,3.45,2.1,1.150660933269629,15.07,86.91,33.4,25.2,41.4
68995344,,1.27,5.2,6.25,1.1397092671108418,13.97,87.74,69.1,16.9,14.0
68995346,,2.2,3.2,2.7,1.1374158249158248,13.74,87.92,40.0,27.5,32.6
71778666,,4.6,4.0,1.62,1.08467525496511,8.47,92.19,20.0,23.0,56.9
71805368,,1.08,8.5,13.0,1.1204960616725321,12.05,89.25,82.6,10.5,6.9
71805384,,2.4,3.0,2.65,1.1273584905660377,12.74,88.7,37.0,29.6,33.5
71805728,,2.3,3.15,2.7,1.12261329652634,12.26,89.08,38.7,28.3,33.0
71805790,,1.92,2.9,4.0,1.1156609195402298,11.57,89.63,46.7,30.9,22.4
71805796,,1.52,3.7,5.3,1.1168442523953943,11.68,89.54,58.9,24.2,16.9
71901850,,3.35,3.35,1.86,1.1346493339752848,13.46,88.13,26.3,26.3,47.4
71901852,,1.4,4.0,5.8,1.1366995073891626,13.67,87.97,62.8,22.0,15.2
71901854,,1.56,3.8,4.3,1.1367416752973667,13.67,87.97,56.4,23.2,20.5
71901856,,1.48,4.0,4.7,1.1384416331224843,13.84,87.84,59.4,22.0,18.7
71913032,,5.2,4.4,1.42,1.1238057716930956,12.38,88.98,17.1,20.2,62.7
71913034,,1.72,3.35,3.6,1.1576805893015543,15.77,86.38,50.2,25.8,24.0
71913036,,2.55,3.25,2.3,1.134631779133058,13.46,88.13,34.6,27.1,38.3
71913038,,1.34,4.2,5.7,1.1598024913028842,15.98,86.22,64.3,20.5,15.1
71913040,,1.29,4.9,6.5,1.1331215849488274,13.31,88.25,68.4,18.0,13.6
71924976,,1.66,3.75,3.75,1.1357429718875502,13.57,88.05,53.0,23.5,23.5
71924978,,3.35,3.7,1.76,1.1369595511386557,13.7,87.95,26.3,23.8,50.0
71924980,,1.38,4.2,5.1,1.1588113506272075,15.88,86.3,62.5,20.5,16.9
71924982,,2.55,3.2,2.3,1.1394394714407503,13.94,87.76,34.4,27.4,38.2
71924984,,2.65,3.5,2.0,1.1630727762803235,16.31,85.98,32.4,24.6,43.0
71924986,,1.35,4.4,5.3,1.1566927132964868,15.67,86.45,64.0,19.6,16.3
71944890,,1.49,4.4,5.5,1.0802318486882245,8.02,92.57,62.1,21.0,16.8
71944892,,2.15,3.25,3.3,1.075838889792378,7.58,92.95,43.2,28.6,28.2
71944894,,6.25,4.7,1.41,1.0819858156028368,8.2,92.42,14.8,19.7,65.5
71944896,,4.6,3.3,1.8,1.0759771629336847,7.6,92.94,20.2,28.2,51.6
71944898,,1.19,6.75,11.0,1.0793933735110206,7.94,92.64,77.9,13.7,8.4
71944900,,2.45,3.0,2.95,1.0804796494869133,8.05,92.55,37.8,30.9,31.4
71944902,,1.54,4.1,5.4,1.0784382735602247,7.84,92.73,60.2,22.6,17.2
71944904,,4.2,3.75,1.74,1.0794745484400656,7.95,92.64,22.1,24.7,53.2
71944906,,4.3,3.6,1.76,1.0785177354944797,7.85,92.72,21.6,25.8,52.7
71944908,,2.2,3.15,3.2,1.084505772005772,8.45,92.21,41.9,29.3,28.8
71960050,,3.0,3.45,1.98,1.1282389108476065,12.82,88.63,29.5,25.7,44.8
71960052,,6.5,5.1,1.24,1.1563761981219287,15.64,86.48,13.3,17.0,69.7
71960054,,8.5,6.0,1.14,1.1615067079463364,16.15,86.1,10.1,14.3,75.5
71960056,,14.5,7.75,1.06,1.1413940017209896,14.14,87.61,6.0,11.3,82.7
71960058,,13.5,8.0,1.06,1.1424703004891683,14.25,87.53,6.5,10.9,82.6
71960060,,2.8,3.8,1.96,1.1305048335123522,13.05,88.46,31.6,23.3,45.1
71960062,,4.8,4.4,1.45,1.1252612330198537,12.53,88.87,18.5,20.2,61.3
71960064,,16.0,10.0,1.02,1.142892156862745,14.29,87.5,5.5,8.7,85.8
71960066,,4.5,4.1,1.49,1.137265600843928,13.73,87.93,19.5,21.4,59.0
71960068,,9.0,6.0,1.18,1.125235404896422,12.52,88.87,9.9,14.8,75.3
71960070,,4.4,4.4,1.46,1.1394769613947695,13.95,87.76,19.9,19.9,60.1
71960074,,3.25,3.75,1.78,1.1361567271679631,13.62,88.02,27.1,23.5,49.4
71960076,,3.95,3.9,1.6,1.1345748133722817,13.46,88.14,22.3,22.6,55.1
71960078,,2.95,3.45,1.96,1.1390422049438786,13.9,87.79,29.8,25.4,44.8
71960088,,2.45,3.25,2.4,1.132522239665097,13.25,88.3,36.0,27.2,36.8
71960090,,15.0,14.0,1.0,1.138095238095238,13.81,87.87,5.9,6.3,87.9
71960092,,4.3,4.2,1.52,1.1285481144722271,12.85,88.61,20.6,21.1,58.3
71960094,,6.5,5.0,1.27,1.1412477286493035,14.12,87.62,13.5,17.5,69.0
71960096,,11.5,7.75,1.09,1.133419972464197,13.34,88.23,7.7,11.4,80.9
71960098,,13.5,9.0,1.05,1.1375661375661374,13.76,87.91,6.5,9.8,83.7
71960100,,4.4,4.3,1.47,1.1401029756511485,14.01,87.71,19.9,20.4,59.7
71960102,,2.8,3.55,2.0,1.1388329979879277,13.88,87.81,31.4,24.7,43.9
71960104,,5.1,4.5,1.39,1.137725114026426,13.77,87.89,17.2,19.5,63.2
71960108,,21.0,11.5,1.01,1.1246745792591681,12.47,88.91,4.2,7.7,88.0
71960110,,3.3,3.6,1.8,1.1363636363636365,13.64,88.0,26.7,24.4,48.9
71960112,,13.5,7.25,1.09,1.1294363012173831,12.94,88.54,6.6,12.2,81.2
71960114,,14.5,10.0,1.01,1.1590645271423694,15.91,86.28,6.0,8.6,85.4
71960116,,18.0,11.5,1.0,1.142512077294686,14.25,87.53,4.9,7.6,87.5
71998146,,1.5,3.75,4.8,1.1416666666666666,14.17,87.59,58.4,23.4,18.2
71998148,,1.18,5.7,9.5,1.128159381504609,12.82,88.64,75.1,15.6,9.3
71998150,,3.2,2.95,2.05,1.139287928896238,13.93,87.77,27.4,29.8,42.8
71998152,,4.5,3.9,1.52,1.136527215474584,13.65,87.99,19.6,22.6,57.9
71998154,,1.28,4.9,7.0,1.128188775510204,12.82,88.64,69.2,18.1,12.7
71998156,,5.2,3.9,1.46,1.1336494555672638,13.36,88.21,17.0,22.6,60.4
72036110,,4.7,3.75,1.68,1.0746707193515705,7.47,93.05,19.8,24.8,55.4
72036112,,3.5,3.95,1.86,1.0765132512784614,7.65,92.89,26.5,23.5,49.9
72036114,,2.4,3.5,2.65,1.0797394429469902,7.97,92.61,38.6,26.5,34.9
72036116,,1.54,4.4,4.9,1.0807050092764379,8.07,92.53,60.1,21.0,18.9
72036118,,1.7,4.1,4.1,1.0760401721664277,7.6,92.93,54.7,22.7,22.7
72036120,,2.05,3.55,3.25,1.0771873265861587,7.72,92.83,45.3,26.2,28.6
72036124,,2.8,3.55,2.3,1.0736156066835798,7.36,93.14,33.3,26.2,40.5
72036126,,2.85,3.5,2.25,1.0810359231411861,8.1,92.5,32.5,26.4,41.1
72037272,,3.1,3.1,2.25,1.0896057347670252,8.96,91.78,29.6,29.6,40.8
72037274,,2.4,3.45,2.6,1.0911371237458194,9.11,91.65,38.2,26.6,35.2
72037276,,2.35,3.35,2.7,1.0944097479505546,9.44,91.37,38.9,27.3,33.8
72037278,,1.7,3.7,4.4,1.0857782916606447,8.58,92.1,54.2,24.9,20.9
72037280,,1.7,3.85,4.2,1.086070791953145,8.61,92.08,54.2,23.9,21.9
72037282,,2.2,3.25,3.1,1.0848184073990526,8.48,92.18,41.9,28.4,29.7
72037286,,1.37,4.7,7.0,1.0855501076032215,8.56,92.12,67.2,19.6,13.2
72037288,,2.8,3.35,2.3,1.0904329285250767,9.04,91.71,32.8,27.4,39.9
72041068,,4.3,4.2,1.52,1.1285481144722271,12.85,88.61,20.6,21.1,58.3
72041072,,2.4,3.3,2.35,1.1452288845905867,14.52,87.32,36.4,26.5,37.2
72041074,,1.5,4.2,4.4,1.132034632034632,13.2,88.34,58.9,21.0,20.1
72041076,,1.64,3.75,3.85,1.1361630239679021,13.62,88.02,53.7,23.5,22.9
72041078,,1.3,5.1,5.9,1.134800726027047,13.48,88.12,67.8,17.3,14.9
72041080,,7.25,5.5,1.22,1.1394213474484816,13.94,87.76,12.1,16.0,71.9
72042216,,3.55,3.55,1.74,1.1380929253683019,13.81,87.87,24.8,24.8,50.5
72042218,,1.7,3.45,3.9,1.1345006229916716,13.45,88.14,51.8,25.5,22.6
72042220,,1.68,3.75,3.7,1.1321750321750321,13.22,88.33,52.6,23.6,23.9
72042222,,1.94,3.3,3.15,1.1359545380163938,13.6,88.03,45.4,26.7,27.9
72042224,,1.64,3.6,4.0,1.1375338753387534,13.75,87.91,53.6,24.4,22.0
72042226,,3.15,3.55,1.86,1.1367848669075384,13.68,87.97,27.9,24.8,47.3
72043090,,1.86,3.4,3.3,1.134782358691277,13.48,88.12,47.4,25.9,26.7
72043092,,1.96,3.35,3.1,1.1312921894805106,13.13,88.39,45.1,26.4,28.5
72043094,,2.25,3.2,2.6,1.141559829059829,14.16,87.6,38.9,27.4,33.7
72043096,,2.2,3.35,2.55,1.1452097799771197,14.52,87.32,39.7,26.1,34.2
72043100,,1.82,3.35,3.25,1.1556503198294243,15.57,86.53,47.5,25.8,26.6
72043102,,2.55,3.25,2.25,1.14429361488185,14.43,87.39,34.3,26.9,38.8
72043104,,3.1,3.25,1.98,1.1353234579041032,13.53,88.08,28.4,27.1,44.5
72055102,,2.0,3.5,2.95,1.1246973365617432,12.47,88.91,44.5,25.4,30.1
72055104,,3.65,3.6,1.74,1.1264630241956648,12.65,88.77,24.3,24.7,51.0
72055106,,1.42,4.3,5.2,1.1290911839552522,12.91,88.57,62.4,20.6,17.0
72055108,,3.55,3.7,1.7,1.1401957052329879,14.02,87.7,24.7,23.7,51.6
72055110,,2.9,3.45,2.0,1.1346826586706646,13.47,88.13,30.4,25.5,44.1
72055112,,1.43,4.0,5.2,1.1416083916083917,14.16,87.6,61.3,21.9,16.8
72055114,,1.41,4.3,5.5,1.1235961795090939,12.36,89.0,63.1,20.7,16.2
72055116,,2.9,3.3,2.05,1.13566276728598,13.57,88.05,30.4,26.7,43.0
72055118,,1.84,3.45,3.3,1.1363636363636362,13.64,88.0,47.8,25.5,26.7
72055120,,2.75,3.25,2.05,1.159133549377452,15.91,86.27,31.4,26.5,42.1
72055122,,3.25,3.5,1.76,1.1615884115884116,16.16,86.09,26.5,24.6,48.9
72055124,,2.05,3.3,2.7,1.161205551449454,16.12,86.12,42.0,26.1,31.9
72082998,,3.0,3.05,2.15,1.1263184648621172,12.63,88.78,29.6,29.1,41.3
72083000,,2.2,3.1,2.85,1.128003292689201,12.8,88.65,40.3,28.6,31.1
72083002,,3.8,3.5,1.7,1.1371074745687748,13.71,87.94,23.1,25.1,51.7
72083004,,1.35,4.2,6.5,1.1326821326821328,13.27,88.29,65.4,21.0,13.6
72083006,,1.09,7.25,12.0,1.1386955604766422,13.87,87.82,80.6,12.1,7.3
72083008,,1.52,3.95,4.5,1.133281516026353,13.33,88.24,58.1,22.3,19.6
72083010,,1.8,3.2,3.45,1.1579106280193237,15.79,86.36,48.0,27.0,25.0
72149634,,1.45,3.95,5.2,1.1351274216835108,13.51,88.1,60.8,22.3,16.9
72149636,,1.54,3.8,4.7,1.1252745015343,12.53,88.87,57.7,23.4,18.9
72149638,,1.66,3.3,4.5,1.1276621638067423,12.77,88.68,53.4,26.9,19.7
72149640,,3.1,3.1,1.94,1.1606252078483539,16.06,86.16,27.8,27.8,44.4
72149642,,2.15,3.2,2.6,1.162231663685152,16.22,86.04,40.0,26.9,33.1
72149644,,1.94,3.25,3.3,1.126186528248384,12.62,88.8,45.8,27.3,26.9
72149646,,2.05,3.2,2.8,1.1574477351916377,15.74,86.4,42.1,27.0,30.9
72149648,,2.1,2.9,3.3,1.1240483654276758,12.4,88.96,42.4,30.7,27.0
72149650,,1.56,3.95,4.2,1.1322854360829044,13.23,88.32,56.6,22.4,21.0
72149652,,1.66,3.35,4.1,1.1448195402651744,14.48,87.35,52.6,26.1,21.3
72176888,,2.55,3.5,2.15,1.1429874275291512,14.3,87.49,34.3,25.0,40.7
72176890,,1.86,3.7,3.1,1.130485324033711,13.05,88.46,47.6,23.9,28.5
72176892,,3.0,3.5,1.94,1.1345115365733922,13.45,88.14,29.4,25.2,45.4
72176894,,1.24,5.5,6.75,1.1364179428695558,13.64,88.0,71.0,16.0,13.0
72201586,,2.0,3.25,3.05,1.1355611601513242,13.56,88.06,44.0,27.1,28.9
72202986,,1.78,3.4,3.7,1.1261856701380826,12.62,88.8,49.9,26.1,24.0
72202988,,1.9,3.35,3.2,1.1373232521602512,13.73,87.93,46.3,26.2,27.5
72202990,,1.7,3.5,3.95,1.127114136793958,12.71,88.72,52.2,25.3,22.5
72202994,,2.95,3.3,2.05,1.129818231926541,12.98,88.51,30.0,26.8,43.2
72202998,,2.4,3.3,2.4,1.1363636363636365,13.64,88.0,36.7,26.7,36.7
72203000,,1.23,5.7,6.75,1.1365948747206769,13.66,87.98,71.5,15.4,13.0
72221154,,1.15,7.5,13.0,1.0798216276477146,7.98,92.61,80.5,12.3,7.1
72221156,,7.5,4.9,1.35,1.0781557067271352,7.82,92.75,12.4,18.9,68.7
72221158,,2.1,3.4,3.2,1.0828081232492996,8.28,92.35,44.0,27.2,28.9
72221160,,2.65,3.3,2.55,1.0725456563414388,7.25,93.24,35.2,28.3,36.6
72221162,,2.25,3.4,2.95,1.0775451423507256,7.75,92.8,41.2,27.3,31.5
72221164,,2.35,3.6,2.65,1.0806681832374325,8.07,92.54,39.4,25.7,34.9
72221166,,2.15,3.65,2.95,1.078071932656951,7.81,92.76,43.1,25.4,31.4
72221168,,1.44,5.0,5.5,1.0762626262626263,7.63,92.91,64.5,18.6,16.9
72221170,,3.5,3.95,1.86,1.0765132512784614,7.65,92.89,26.5,23.5,49.9
72221172,,3.5,3.75,1.9,1.0786967418546367,7.87,92.7,26.5,24.7,48.8
72225062,,2.5,3.3,2.3,1.1378129117259554,13.78,87.89,35.2,26.6,38.2
72225064,,5.4,4.2,1.4,1.1375661375661377,13.76,87.91,16.3,20.9,62.8
72225072,,1.64,3.75,3.8,1.1395806589644843,13.96,87.75,53.5,23.4,23.1
72278438,,1.62,3.75,3.95,1.137115174245976,13.71,87.94,54.3,23.5,22.3
72278440,,3.05,3.5,1.94,1.1290470556990755,12.9,88.57,29.0,25.3,45.7
72278442,,2.2,3.15,2.7,1.1423761423761425,14.24,87.54,39.8,27.8,32.4
72278446,,1.52,4.0,4.6,1.1252860411899315,12.53,88.87,58.5,22.2,19.3
72302576,,2.05,3.5,2.8,1.1306620209059235,13.07,88.44,43.1,25.3,31.6
72302578,,1.84,3.8,3.15,1.1240964730667247,12.41,88.96,48.3,23.4,28.2
72302580,,2.2,3.55,2.45,1.1443988606966473,14.44,87.38,39.7,24.6,35.7
72302582,,2.85,3.3,2.05,1.1417123740615396,14.17,87.59,30.7,26.5,42.7
72302586,,1.41,4.4,5.0,1.1364925854287558,13.65,87.99,62.4,20.0,17.6
72330446,,1.84,3.7,3.6,1.0915263089176133,9.15,91.61,49.8,24.8,25.4
72335020,,1.76,3.15,4.0,1.1356421356421356,13.56,88.06,50.0,28.0,22.0
72335022,,3.15,3.05,2.05,1.1331340479681145,13.31,88.25,28.0,28.9,43.0
72335024,,2.15,2.85,3.1,1.1385741172135138,13.86,87.83,40.9,30.8,28.3
72335026,,2.5,2.85,2.6,1.1354925775978408,13.55,88.07,35.2,30.9,33.9
72335028,,1.9,3.2,3.35,1.1373232521602512,13.73,87.93,46.3,27.5,26.2
72335030,,3.4,3.1,1.92,1.1375316255534473,13.75,87.91,25.9,28.4,45.8
72335032,,1.88,3.0,3.7,1.1355184972206247,13.55,88.07,46.8,29.4,23.8
72335034,,1.6,3.3,4.7,1.1407962604771116,14.08,87.66,54.8,26.6,18.7
72335036,,1.38,4.2,6.0,1.1293995859213253,12.94,88.54,64.2,21.1,14.8
72335038,,1.5,3.65,5.4,1.1258244545915779,12.58,88.82,59.2,24.3,16.4
72335044,,2.65,2.85,2.35,1.153767598442111,15.38,86.67,32.7,30.4,36.9
72335046,,1.84,3.1,3.45,1.1559139784946235,15.59,86.51,47.0,27.9,25.1
72335048,,1.74,3.25,3.6,1.1601827291482465,16.02,86.19,49.5,26.5,23.9
72335050,,1.54,3.45,4.5,1.1614279440366397,16.14,86.1,55.9,25.0,19.1
72339692,,1.68,3.45,3.8,1.1482510624387054,14.83,87.09,51.8,25.2,22.9
72339694,,3.05,3.1,1.94,1.16591341514608,16.59,85.77,28.1,27.7,44.2
72339698,,1.82,3.35,3.35,1.1464654748236836,14.65,87.22,47.9,26.0,26.0
72339702,,2.2,3.2,2.6,1.1516608391608392,15.17,86.83,39.5,27.1,33.4
72339704,,2.05,3.2,2.85,1.1511820710312366,15.12,86.87,42.4,27.1,30.5
72339706,,3.65,3.35,1.74,1.147192709104454,14.72,87.17,23.9,26.0,50.1
72339708,,1.78,3.3,3.3,1.1678583588695948,16.79,85.63,48.1,25.9,25.9
72339710,,1.54,3.85,4.2,1.147186147186147,14.72,87.17,56.6,22.6,20.8
72339712,,2.15,3.1,2.6,1.1723123088464424,17.23,85.3,39.7,27.5,32.8
72339714,,2.5,3.1,2.25,1.1670250896057348,16.7,85.69,34.3,27.6,38.1
72339716,,1.28,4.4,6.0,1.175189393939394,17.52,85.09,66.5,19.3,14.2
72339718,,1.8,3.3,3.45,1.1484409310496266,14.84,87.07,48.4,26.4,25.2
72345472,,1.9,3.35,3.35,1.1233307148468183,12.33,89.02,46.9,26.6,26.6
72345474,,1.29,5.0,6.5,1.1290399522957664,12.9,88.57,68.7,17.7,13.6
72345476,,1.78,3.35,3.75,1.1269718821622225,12.7,88.73,49.9,26.5,23.7
72346254,,1.8,3.65,3.4,1.1236458053541052,12.36,89.0,49.4,24.4,26.2
72346256,,3.4,3.4,1.86,1.1258697027197977,12.59,88.82,26.1,26.1,47.8
72346258,,3.2,3.8,1.78,1.1374556475458308,13.75,87.92,27.5,23.1,49.4
72346260,,2.15,3.3,2.65,1.1455050726661082,14.55,87.3,40.6,26.5,32.9
72346262,,1.7,3.7,3.75,1.125172231054584,12.52,88.88,52.3,24.0,23.7
72346264,,1.3,4.9,6.5,1.1271585557299844,12.72,88.72,68.2,18.1,13.6
72387936,,2.6,3.3,2.2,1.1421911421911422,14.22,87.55,33.7,26.5,39.8
72387938,,2.1,3.1,2.9,1.143598707558663,14.36,87.44,41.6,28.2,30.2
72387940,,1.76,3.35,3.7,1.1369595511386557,13.7,87.95,50.0,26.3,23.8
72387942,,3.15,3.05,2.0,1.145329169919334,14.53,87.31,27.7,28.6,43.7
72387944,,1.58,3.65,4.4,1.1341567224175164,13.42,88.17,55.8,24.2,20.0
72387946,,1.33,4.5,6.25,1.1341019214703425,13.41,88.18,66.3,19.6,14.1
72387948,,2.35,3.0,2.65,1.136223738792988,13.62,88.01,37.5,29.3,33.2
72387950,,2.25,2.8,2.95,1.1405703524347592,14.06,87.68,39.0,31.3,29.7
72409648,,1.72,3.15,3.9,1.1552659227077833,15.53,86.56,50.3,27.5,22.2
72409652,,1.68,3.3,3.8,1.1614262930052404,16.14,86.1,51.3,26.1,22.7
72477318,,1.76,3.35,3.75,1.133355947535052,13.34,88.23,50.1,26.3,23.5
72477320,,1.49,3.95,4.7,1.1370714540061493,13.71,87.95,59.0,22.3,18.7
72477322,,2.8,3.15,2.15,1.139719453672942,13.97,87.74,31.3,27.9,40.8
72477324,,2.9,3.05,2.15,1.1378127177356805,13.78,87.89,30.3,28.8,40.9
72477326,,2.8,3.25,2.1,1.141025641025641,14.1,87.64,31.3,27.0,41.7
72477328,,2.05,2.9,3.2,1.145132464255677,14.51,87.33,42.6,30.1,27.3
72477330,,2.15,3.0,2.95,1.1374326632505585,13.74,87.92,40.9,29.3,29.8
72477332,,2.7,2.9,2.3,1.1499805652729191,15.0,86.96,32.2,30.0,37.8
72477334,,1.78,3.15,3.9,1.1356683266795626,13.57,88.05,49.5,28.0,22.6
72477336,,2.35,2.85,2.75,1.1400454715124368,14.0,87.72,37.3,30.8,31.9
72477338,,2.9,3.1,2.1,1.143598707558663,14.36,87.44,30.2,28.2,41.6
72478456,,1.37,5.0,6.5,1.083773161145424,8.38,92.27,67.4,18.5,14.2
72478460,,1.37,5.0,6.25,1.08992700729927,8.99,91.75,67.0,18.3,14.7
72478464,,2.6,3.25,2.55,1.0844645550527905,8.45,92.21,35.5,28.4,36.2
72478486,,1.68,3.6,4.7,1.0857818304626816,8.58,92.1,54.8,25.6,19.6
72478488,,1.8,3.65,3.85,1.0892684180355414,8.93,91.8,51.0,25.2,23.8
72478490,,2.0,3.4,3.4,1.0882352941176472,8.82,91.89,45.9,27.0,27.0
72478492,,7.25,5.7,1.3,1.0826004002047558,8.26,92.37,12.7,16.2,71.1
72478494,,6.5,4.5,1.41,1.0852882342244046,8.53,92.14,14.2,20.5,65.3
72478496,,2.1,2.9,3.8,1.0841759571342149,8.42,92.24,43.9,31.8,24.3
72478498,,2.5,3.05,2.8,1.0850117096018737,8.5,92.16,36.9,30.2,32.9
72478500,,1.76,3.6,4.1,1.0898620349839863,8.99,91.75,52.1,25.5,22.4
72478502,,2.15,3.1,3.25,1.0953892319233653,9.54,91.29,42.5,29.4,28.1
72478504,,2.2,3.25,3.05,1.0901066146967788,9.01,91.73,41.7,28.2,30.1
72513148,,1.25,6.5,7.0,1.0967032967032968,9.67,91.18,72.9,14.0,13.0
72513150,,1.3,5.3,7.25,1.0958410489965467,9.58,91.25,70.2,17.2,12.6
72513152,,1.5,4.4,4.8,1.1022727272727273,10.23,90.72,60.5,20.6,18.9
72513154,,1.98,3.45,3.3,1.0979358805445762,9.79,91.08,46.0,26.4,27.6
72513156,,2.05,3.6,3.0,1.0989159891598916,9.89,91.0,44.4,25.3,30.3
72513158,,1.62,3.95,4.3,1.1030066471141928,10.3,90.66,56.0,23.0,21.1
72513160,,2.3,3.5,2.65,1.0978553849759756,9.79,91.09,39.6,26.0,34.4
72513162,,2.7,3.55,2.25,1.0965049556598851,9.65,91.2,33.8,25.7,40.5
72513164,,4.7,4.5,1.5,1.1016548463356974,10.17,90.77,19.3,20.2,60.5
72513814,,1.8,3.25,3.4,1.1573655103066869,15.74,86.4,48.0,26.6,25.4
72513816,,1.92,3.25,3.05,1.1563944934846575,15.64,86.48,45.0,26.6,28.4
72513818,,3.0,3.5,1.86,1.1566820276497696,15.67,86.45,28.8,24.7,46.5
72513820,,1.74,3.5,3.35,1.1589343920790136,15.89,86.29,49.6,24.7,25.8
72513822,,1.42,4.1,4.8,1.1564611244703997,15.65,86.47,60.9,21.1,18.0
72513824,,3.85,3.5,1.64,1.1552106430155211,15.52,86.56,22.5,24.7,52.8
72513826,,1.96,3.35,2.85,1.1595887373016764,15.96,86.24,44.0,25.7,30.3
72513828,,2.6,3.35,2.1,1.159313323492428,15.93,86.26,33.2,25.7,41.1
72513830,,2.3,3.5,2.25,1.1649413388543823,16.49,85.84,37.3,24.5,38.2
72521962,,8.5,5.4,1.21,1.12927852500045,12.93,88.55,10.4,16.4,73.2
72521964,,5.6,4.3,1.39,1.1305540285379672,13.06,88.45,15.8,20.6,63.6
72521966,,1.49,4.1,4.7,1.1278093360685142,12.78,88.67,59.5,21.6,18.9
72521968,,1.76,3.55,3.55,1.131562099871959,13.16,88.37,50.2,24.9,24.9
72521970,,1.74,3.7,3.55,1.1266730547935015,12.67,88.76,51.0,24.0,25.0
72521972,,5.2,4.5,1.4,1.1288156288156288,12.88,88.59,17.0,19.7,63.3
72521974,,1.68,3.55,4.0,1.1269282360831656,12.69,88.74,52.8,25.0,22.2
72521976,,7.25,5.4,1.24,1.1295678325711695,12.96,88.53,12.2,16.4,71.4
72530858,,1.84,3.35,3.4,1.136103370614956,13.61,88.02,47.8,26.3,25.9
72530860,,1.62,3.35,4.6,1.133182717651677,13.32,88.25,54.5,26.3,19.2
72530862,,1.9,3.2,3.45,1.1286708619374524,12.87,88.6,46.6,27.7,25.7
72530866,,1.16,5.8,9.5,1.1397459165154267,13.97,87.74,75.6,15.1,9.2
72530868,,2.35,2.85,2.75,1.1400454715124368,14.0,87.72,37.3,30.8,31.9
72530870,,1.18,6.0,8.5,1.1317713526088402,13.18,88.36,74.9,14.7,10.4
72530872,,1.6,3.6,4.3,1.1353359173126616,13.53,88.08,55.0,24.5,20.5
72531520,,1.76,3.4,3.8,1.1254573599774838,12.55,88.85,50.5,26.1,23.4
72531522,,1.8,3.3,3.6,1.1363636363636362,13.64,88.0,48.9,26.7,24.4
72531524,,1.98,3.0,3.3,1.1414141414141414,14.14,87.61,44.2,29.2,26.5
72531526,,1.98,3.1,3.25,1.1353234579041032,13.53,88.08,44.5,28.4,27.1
72531528,,2.9,3.1,2.1,1.143598707558663,14.36,87.44,30.2,28.2,41.6
72531530,,2.2,3.2,2.75,1.1306818181818183,13.07,88.44,40.2,27.6,32.2
72531532,,2.3,3.0,2.5,1.1681159420289857,16.81,85.61,37.2,28.5,34.2
72531534,,1.8,3.3,3.65,1.1325584613255846,13.26,88.3,49.1,26.8,24.2
72531536,,1.84,3.3,3.4,1.1406262109586918,14.06,87.67,47.6,26.6,25.8
72607916,,6.25,4.6,1.33,1.1292710035959463,12.93,88.55,14.2,19.3,66.6
72607922,,1.76,3.45,3.55,1.139727031490657,13.97,87.74,49.9,25.4,24.7
72607924,,1.82,3.4,3.35,1.14207565919594,14.21,87.56,48.1,25.8,26.1
72607926,,1.19,5.8,8.5,1.1303969863807592,13.04,88.46,74.3,15.3,10.4
72607928,,2.05,3.25,2.85,1.1463743787235443,14.64,87.23,42.6,26.8,30.6
72607930,,3.45,3.25,1.86,1.1351817887582263,13.52,88.09,25.5,27.1,47.4
72630680,,1.44,3.85,6.0,1.1208513708513708,12.09,89.22,62.0,23.2,14.9
72723142,,2.15,3.2,2.65,1.154974769635805,15.5,86.58,40.3,27.1,32.7
72723144,,1.9,3.3,2.85,1.1802232854864434,18.02,84.73,44.6,25.7,29.7
72723146,,2.5,3.0,2.2,1.187878787878788,18.79,84.18,33.7,28.1,38.3
72723148,,3.25,3.3,1.76,1.178904428904429,17.89,84.82,26.1,25.7,48.2
72723150,,2.1,3.15,2.8,1.1507936507936507,15.08,86.9,41.4,27.6,31.0
72723152,,1.52,3.5,4.2,1.181704260651629,18.17,84.62,55.7,24.2,20.1
72723154,,1.21,4.9,6.75,1.1786760617929448,17.87,84.84,70.1,17.3,12.6
72723156,,2.0,3.1,2.85,1.1734578381437464,17.35,85.22,42.6,27.5,29.9
72723158,,6.0,4.3,1.32,1.156800563777308,15.68,86.45,14.4,20.1,65.5
72935994,,1.15,6.25,10.5,1.1248033126293997,12.48,88.9,77.3,14.2,8.5
72935996,,3.1,2.95,2.1,1.137754172199224,13.78,87.89,28.4,29.8,41.9
72935998,,1.98,3.15,3.15,1.13997113997114,14.0,87.72,44.3,27.8,27.8
72936000,,1.2,5.4,9.0,1.1296296296296298,12.96,88.52,73.8,16.4,9.8
72936002,,1.28,4.4,6.75,1.1566708754208754,15.67,86.46,67.5,19.6,12.8
72936006,,2.5,2.9,2.5,1.1448275862068966,14.48,87.35,34.9,30.1,34.9
72985544,,1.78,3.55,3.2,1.1559878936540593,15.6,86.51,48.6,24.4,27.0
73038494,,1.92,3.25,3.2,1.141025641025641,14.1,87.64,45.6,27.0,27.4
73038496,,2.55,2.9,2.35,1.1625163638456117,16.25,86.02,33.7,29.7,36.6
73038498,,2.0,3.1,3.1,1.1451612903225805,14.52,87.32,43.7,28.2,28.2
73038500,,1.66,3.45,4.1,1.1361671500423753,13.62,88.02,53.0,25.5,21.5
73038502,,3.1,3.1,2.05,1.1329661683713612,13.3,88.26,28.5,28.5,43.1
73038504,,1.34,4.2,6.5,1.1382100486578097,13.82,87.86,65.6,20.9,13.5
73074132,,4.3,4.1,1.52,1.1343553154013792,13.44,88.16,20.5,21.5,58.0
73074134,,2.95,3.4,2.0,1.1331006979062812,13.31,88.25,29.9,26.0,44.1
73074140,,1.18,6.0,9.0,1.125235404896422,12.52,88.87,75.3,14.8,9.9
73074144,,3.0,3.4,1.9,1.153766769865841,15.38,86.67,28.9,25.5,45.6
73092852,,2.05,3.1,3.0,1.1437188565434042,14.37,87.43,42.7,28.2,29.1
73092854,,2.15,3.0,2.75,1.1620859760394644,16.21,86.05,40.0,28.7,31.3
73092856,,2.1,3.0,2.85,1.1604010025062657,16.04,86.18,41.0,28.7,30.2
73092858,,2.25,3.05,2.6,1.1569286815188455,15.69,86.44,38.4,28.3,33.2
73092860,,2.55,2.95,2.35,1.1566718284861728,15.67,86.45,33.9,29.3,36.8
73092862,,2.35,3.0,2.45,1.1670285135330727,16.7,85.69,36.5,28.6,35.0
73092864,,1.56,3.4,4.5,1.1573655103066867,15.74,86.4,55.4,25.4,19.2
73092866,,1.64,3.3,4.4,1.140059127864006,14.01,87.71,53.5,26.6,19.9
73092868,,1.96,2.9,3.55,1.13672180868462,13.67,87.97,44.9,30.3,24.8
73092870,,1.54,3.5,4.5,1.1572871572871573,15.73,86.41,56.1,24.7,19.2
73159862,,9.0,6.0,1.19,1.1181139122315593,11.81,89.44,9.9,14.9,75.2
73159864,,7.0,5.6,1.21,1.147874852420307,14.79,87.12,12.4,15.6,72.0
73159866,,3.05,3.45,1.88,1.1496388185398059,14.96,86.98,28.5,25.2,46.3
73159868,,3.95,4.2,1.52,1.1491545318993688,14.92,87.02,22.0,20.7,57.3
73159870,,1.58,4.0,3.8,1.1460692871419054,14.61,87.25,55.2,21.8,23.0
73159872,,2.1,3.3,2.6,1.1638361638361638,16.38,85.92,40.9,26.0,33.0
73159874,,2.65,3.2,2.1,1.166048966756514,16.6,85.76,32.4,26.8,40.8
73159876,,2.55,3.45,2.05,1.1698168132576467,16.98,85.48,33.5,24.8,41.7
73159878,,1.16,5.9,8.5,1.1492075497644998,14.92,87.02,75.0,14.7,10.2
73160346,,2.65,3.15,2.15,1.1599350870961227,15.99,86.21,32.5,27.4,40.1
73160350,,1.74,3.3,3.55,1.1594330875535344,15.94,86.25,49.6,26.1,24.3
73160352,,9.0,5.3,1.17,1.1544912110949848,15.45,86.62,9.6,16.3,74.0
73160354,,1.98,3.1,3.05,1.155500002670812,15.55,86.54,43.7,27.9,28.4
73160356,,2.0,3.0,3.1,1.1559139784946235,15.59,86.51,43.3,28.8,27.9
73160358,,1.84,3.3,3.25,1.1542008715921759,15.42,86.64,47.1,26.3,26.7
73265196,,1.56,3.35,5.0,1.139533103712208,13.95,87.76,56.3,26.2,17.6
73265198,,2.35,2.65,2.75,1.1665267690960186,16.65,85.72,36.5,32.3,31.2
73265200,,2.5,2.8,2.65,1.1345013477088948,13.45,88.14,35.3,31.5,33.3
73265202,,3.05,2.8,2.2,1.139557164147328,13.96,87.75,28.8,31.3,39.9
73265204,,1.72,3.15,4.2,1.1369509043927648,13.7,87.95,51.1,27.9,20.9
73265206,,2.45,2.65,2.65,1.1628802464381978,16.29,85.99,35.1,32.5,32.5
73265208,,2.75,2.8,2.35,1.1463111356728377,14.63,87.24,31.7,31.2,37.1
73265210,,1.82,3.1,3.85,1.1317714543520996,13.18,88.36,48.5,28.5,22.9
73265212,,3.25,2.85,2.1,1.13475997686524,13.48,88.12,27.1,30.9,42.0
73265214,,2.45,2.8,2.7,1.13567649281935,13.57,88.05,35.9,31.4,32.6
73265216,,2.85,2.7,2.45,1.1294108286589488,12.94,88.54,31.1,32.8,36.1
73265218,,1.82,3.1,3.95,1.125195751573865,12.52,88.87,48.8,28.7,22.5
73265220,,1.49,3.45,5.7,1.1364346085523116,13.64,87.99,59.1,25.5,15.4
73265222,,1.86,2.8,4.0,1.1447772657450077,14.48,87.35,47.0,31.2,21.8
73265224,,2.1,2.9,3.05,1.1488869148563892,14.89,87.04,41.4,30.0,28.5
73265226,,1.66,3.1,4.2,1.1630855218107454,16.31,85.98,51.8,27.7,20.5
73265228,,1.84,2.9,3.75,1.1549725137431284,15.5,86.58,47.1,29.9,23.1
73265230,,1.49,3.3,5.5,1.1559894244458004,15.6,86.51,58.1,26.2,15.7
73265232,,1.49,3.4,5.3,1.1539378319391578,15.39,86.66,58.2,25.5,16.4
73265234,,1.6,3.0,4.9,1.1624149659863945,16.24,86.03,53.8,28.7,17.6
73265236,,2.4,2.7,2.65,1.1643955276030749,16.44,85.88,35.8,31.8,32.4
73265238,,2.85,2.6,2.35,1.1610244924914577,16.1,86.13,30.2,33.1,36.7
73265240,,1.56,3.2,4.9,1.1576072736787022,15.76,86.39,55.4,27.0,17.6
73265242,,1.48,3.25,5.8,1.1557817764714318,15.58,86.52,58.5,26.6,14.9
73265244,,2.45,2.75,2.55,1.1639564916875842,16.4,85.91,35.1,31.2,33.7
73265246,,2.05,2.85,3.1,1.1612627161925269,16.13,86.11,42.0,30.2,27.8
73265248,,4.8,2.95,1.62,1.164600334798075,16.46,85.87,17.9,29.1,53.0
73265250,,1.3,3.85,7.5,1.1623043623043623,16.23,86.04,66.2,22.3,11.5
73265252,,1.68,2.9,4.6,1.1574569857928179,15.75,86.4,51.4,29.8,18.8
73265254,,1.74,3.0,3.95,1.1612105339735195,16.12,86.12,49.5,28.7,21.8
73394628,,1.46,3.5,4.9,1.174727425216662,17.47,85.13,58.3,24.3,17.4
73394724,,2.05,3.35,2.55,1.1784692034804456,17.85,84.86,41.4,25.3,33.3
73394730,,2.15,3.2,2.5,1.1776162790697673,17.76,84.92,39.5,26.5,34.0
73394734,,2.15,3.0,2.6,1.1830649970184854,18.31,84.53,39.3,28.2,32.5
73394738,,1.66,3.65,3.4,1.1704998883527664,17.05,85.43,51.5,23.4,25.1
73394742,,1.94,3.4,3.55,1.0912717054296672,9.13,91.64,47.2,27.0,25.8
73394746,,1.49,4.1,4.0,1.1650433786217058,16.5,85.83,57.6,20.9,21.5
73398318,,1.64,4.0,4.3,1.0923142370958594,9.23,91.55,55.8,22.9,21.3
73398324,,1.35,4.8,7.25,1.0870051085568326,8.7,92.0,68.1,19.2,12.7
73398332,,1.82,3.6,3.9,1.0836385836385836,8.36,92.28,50.7,25.6,23.7
73398338,,1.82,3.8,3.7,1.0828787144576617,8.29,92.35,50.7,24.3,25.0
73398342,,3.15,3.5,2.05,1.0909794812233837,9.1,91.66,29.1,26.2,44.7
73398350,,1.33,4.9,7.5,1.0892946652345148,8.93,91.8,69.0,18.7,12.2
73398354,,4.1,3.95,1.7,1.0853022901040625,8.53,92.14,22.5,23.3,54.2
73398358,,3.2,3.45,2.05,1.0901599505125485,9.02,91.73,28.7,26.6,44.7
73398364,,1.5,4.4,5.2,1.086247086247086,8.62,92.06,61.4,20.9,17.7
73398368,,1.1,8.5,15.0,1.093404634581105,9.34,91.46,83.1,10.8,6.1
73398372,,1.14,8.0,11.5,1.0891495041952708,8.91,91.81,80.5,11.5,8.0
73398376,,2.6,3.2,2.55,1.0892722473604826,8.93,91.8,35.3,28.7,36.0
73399066,,1.56,4.2,4.8,1.0874542124542124,8.75,91.96,58.9,21.9,19.2
73399082,,2.05,3.4,3.2,1.094422525107604,9.44,91.37,44.6,26.9,28.6
73399086,,1.66,3.9,4.4,1.0860926222372007,8.61,92.07,55.5,23.6,20.9
73399090,,3.2,3.65,2.0,1.086472602739726,8.65,92.04,28.8,25.2,46.0
73399094,,1.94,3.5,3.5,1.0868924889543448,8.69,92.01,47.4,26.3,26.3
73399166,,5.8,4.8,1.42,1.0849724785494579,8.5,92.17,15.9,19.2,64.9
73399174,,4.5,4.5,1.54,1.0937950937950938,9.38,91.42,20.3,20.3,59.4
73399178,,5.6,4.6,1.44,1.0904071773636992,9.04,91.71,16.4,19.9,63.7
73399182,,2.3,3.5,2.7,1.0908672647803082,9.09,91.67,39.9,26.2,34.0
73399186,,5.0,4.1,1.56,1.0849280800500312,8.49,92.17,18.4,22.5,59.1
73399194,,1.98,3.4,3.5,1.0848824378236142,8.49,92.18,46.6,27.1,26.3
73399198,,1.47,4.1,6.0,1.0908412145345943,9.08,91.67,62.4,22.4,15.3
73399202,,1.56,3.95,5.2,1.0864978902953586,8.65,92.04,59.0,23.3,17.7
73399206,,1.64,3.65,4.8,1.092062033634035,9.21,91.57,55.8,25.1,19.1
73399210,,1.14,7.75,12.5,1.0862252405206565,8.62,92.06,80.8,11.9,7.4
73399214,,1.5,4.2,5.5,1.0865800865800865,8.66,92.03,61.4,21.9,16.7
73399218,,1.36,4.9,7.0,1.082232893157263,8.22,92.4,67.9,18.9,13.2
73399222,,1.52,4.7,4.6,1.0880519986367398,8.81,91.91,60.5,19.6,20.0
73399226,,3.7,3.45,1.9,1.0864411322077225,8.64,92.04,24.9,26.7,48.4
73399230,,3.75,4.0,1.76,1.084848484848485,8.48,92.18,24.6,23.0,52.4
73399234,,1.31,5.1,7.75,1.0884694680630194,8.85,91.87,70.1,18.0,11.9
73399238,,1.52,4.4,5.0,1.0851674641148326,8.52,92.15,60.6,20.9,18.4
73399242,,1.34,4.7,8.0,1.0840346141632264,8.4,92.25,68.8,19.6,11.5
73399250,,1.98,3.6,3.3,1.0858585858585859,8.59,92.09,46.5,25.6,27.9
73667680,,3.45,3.35,1.74,1.163075178828496,16.31,85.98,24.9,25.7,49.4
73667682,,1.18,5.4,8.0,1.1576428123038294,15.76,86.38,73.2,16.0,10.8
73667684,,2.1,3.0,2.85,1.1604010025062657,16.04,86.18,41.0,28.7,30.2
73667686,,2.4,3.3,2.25,1.1641414141414141,16.41,85.9,35.8,26.0,38.2
73667688,,1.32,4.3,6.0,1.156800563777308,15.68,86.45,65.5,20.1,14.4
73667690,,1.64,3.6,3.65,1.1615064780784794,16.15,86.1,52.5,23.9,23.6
73667692,,1.15,5.8,8.5,1.159626069318282,15.96,86.23,75.0,14.9,10.1
73667694,,4.1,3.9,1.56,1.1413383364602878,14.13,87.62,21.4,22.5,56.2
73667696,,1.15,5.7,9.0,1.1561149249936435,15.61,86.5,75.2,15.2,9.6
73667698,,2.1,3.15,2.7,1.164021164021164,16.4,85.91,40.9,27.3,31.8
73667700,,3.15,3.15,1.9,1.161236424394319,16.12,86.12,27.3,27.3,45.3
73667702,,2.9,3.2,1.98,1.1623780912574015,16.24,86.03,29.7,26.9,43.4
73667704,,3.25,3.25,1.84,1.1588628762541806,15.89,86.29,26.6,26.6,46.9
73667706,,1.54,3.85,4.0,1.1590909090909092,15.91,86.27,56.0,22.4,21.6
73667708,,2.45,3.1,2.3,1.1655265191630648,16.55,85.8,35.0,27.7,37.3
73667710,,1.92,3.2,3.05,1.1612021857923498,16.12,86.12,44.9,26.9,28.2
73667712,,4.0,3.65,1.58,1.1568839951447893,15.69,86.44,21.6,23.7,54.7
73667714,,4.4,3.65,1.52,1.1591400668545586,15.91,86.27,19.6,23.6,56.8
73667716,,2.7,3.05,2.15,1.1633555018991542,16.34,85.96,31.8,28.2,40.0
73667718,,2.85,3.25,2.0,1.1585695006747638,15.86,86.31,30.3,26.6,43.2
73667720,,1.45,4.2,4.7,1.1405163679558399,14.05,87.68,60.5,20.9,18.7
73667722,,2.0,3.25,2.85,1.1585695006747638,15.86,86.31,43.2,26.6,30.3
73667724,,4.8,3.95,1.44,1.155942334739803,15.59,86.51,18.0,21.9,60.1
73669048,,1.54,3.6,4.8,1.1354617604617605,13.55,88.07,57.2,24.5,18.3
73688868,,7.75,4.2,1.26,1.1607782898105479,16.08,86.15,11.1,20.5,68.4
73706190,,1.86,3.1,3.35,1.158722516450008,15.87,86.3,46.4,27.8,25.8
73721680,,3.3,3.2,1.9,1.1418460925039873,14.18,87.58,26.5,27.4,46.1
73736784,,2.35,3.1,2.4,1.164779226721574,16.48,85.85,36.5,27.7,35.8
73832698,,2.8,2.95,2.3,1.1309085166859671,13.09,88.42,31.6,30.0,38.4
73873124,,1.82,3.0,3.6,1.1605616605616604,16.06,86.17,47.3,28.7,23.9
73873182,,1.35,3.5,7.5,1.1597883597883598,15.98,86.22,63.9,24.6,11.5
1000200917,,1.05,30.0,14.5,1.054679802955665,5.47,94.82,90.3,3.2,6.5
